{
    "BGM": {
        "Volume": 0.20000001788139343
    },
    "SE": {
        "Volume": 0.10000000149011612
    }
}