{
    "BGM": {
        "Volume": 0.5999999046325684
    },
    "SE": {
        "Volume": 0.4000000059604645
    }
}