{
    "BGM": {
        "Volume": 0.5999999046325684
    },
    "SE": {
        "Volume": 0.6000000238418579
    }
}