{
    "BGM": {
        "Volume": 0.49999991059303284
    },
    "SE": {
        "Volume": 0.4000000059604645
    }
}